phase,steps,true_sigma_vision,true_sigma_force,true_sigma_proprio,n_seeds,vision_share_mean,vision_share_std,mean_eig_vision,force_share_mean,force_share_std,mean_eig_force,proprio_share_mean,proprio_share_std,mean_eig_proprio
approach,150,1.4,0.4,0.5,8,0.8891666666666667,0.0475344486611953,1.7741554266139623,0.04416666666666667,0.01849495855803662,0.21617227197234853,0.06666666666666667,0.042761798705987904,0.33304814497281077
align,130,1.1,0.7,1.2,8,0.75,0.09625269644157448,2.161690595879901,0.03461538461538462,0.02136507922552042,0.6211496439140809,0.2153846153846154,0.09607689228305229,1.2519841120784596
contact,140,0.7,1.3,0.9,8,0.5732142857142857,0.09264103581046029,1.9528902680262714,0.22678571428571428,0.08911207605664546,1.3638562665054927,0.2,0.08117217061776058,1.3611203970627141
insert,180,0.4,1.7,0.6,8,0.20416666666666666,0.04520675606201792,1.5075836734081234,0.6729166666666667,0.07556007806259465,2.2796891545090636,0.12291666666666667,0.05971991505325718,1.2201996315596393
