phase,steps,true_sigma_vision,true_sigma_force,vision_share_mean,vision_share_std,mean_eig_vision,mean_eig_force,n_seeds
approach,150,1.4,0.4,0.9106666666666667,0.03112698007980999,1.7901094788975704,0.2986210228510292,5
align,130,1.1,0.7,0.826153846153846,0.03752711051584759,2.101659398296006,0.961945408137743,5
contact,140,0.7,1.3,0.5485714285714286,0.045568965450675965,1.9510734003494428,1.8031211009984234,5
insert,180,0.4,1.7,0.2011111111111111,0.03544252868385907,1.489634291062504,2.5251706542398145,5
